tweet_id,tweet_text,class_label,split
914524833047810048,Democrats R soevil! KILLING own people Puerto Ricos cop telling the truth about Hurricane Marias aid  via @YouTube,not_humanitarian,train
912418412349050881,"RT @9ablo: 5 days after #HurricaneMaria Gov @RicardoRossello has finally established communication with all of the 78 mayors, says @SecAsun",not_humanitarian,train
912432288822026240,"Nobody knows in America Puerto Ricos in America Including, apparently, Donald Trump -West Side Story, 1957 #HurricaneMaria #Sondheim #wow",not_humanitarian,train
913255924298592256,"The Latest Maria, 9 days a hurricane, now a tropical storm. #TODAY",not_humanitarian,train
912058664453836800,"Trump hasnt even mentioned hurricane Maria damage to Puerto Rico. Not enough white Trump voters there to be concerned about, I guess",not_humanitarian,train
913717955011207168,Is the lackluster response to hurricane damage in Puerto Rico a race or is it a punishment for the territorys debt to Wall Street. #Maria,not_humanitarian,train
914546987663597570,"RT @MarchofDimesPrz: San Juan mayor: When you dont have food to feed a baby, this is not a good news story",not_humanitarian,train
914537922837262336,Hey Trumpers your #Viagra is made in #PuertoRico Hope roads get fixed #MAGA,not_humanitarian,train
914145458343133185,Trump attacking San Juan mayor but takes no responsibility for his role in the deaths of Americans in PR- So typical!,not_humanitarian,train
911672501360562176,@realDonaldTrump Dont you have something better to do than pick on athletes? Last I heard Puerto Rico was destroyed by Hurricane Maria.,not_humanitarian,train
914948398243041280,"Refugees? They are americans, they are USA citizens. Your ignorance is insane.",not_humanitarian,train
912351477858844672,The prez. should be calling up a lot more assistance for Puerto Rico instead of worrying about athletes kneeling.,not_humanitarian,train
913214711386316800,@abc @nbc @CNN @MSNBC @CBSNews @pbsnews @weatherchannel you need to spread REAL news about ongoing REAL help @POTUS has been sending to PR.,not_humanitarian,train
912372553456402432,"Hurricane Maria hit Puerto Rico, USA 20 Sept 2017. Today 25 Sept 2017, the president has failed to send any critical/needed aid.",not_humanitarian,train
912278048896114689,"Imagine if @realDonaldTrump did his job and focused on getting aid to these citizens, instead of tweeting about athletes free speech.",not_humanitarian,train
914936260170575872,We trust @Teamsters not efforts to defame #unions #atthetable17 #PuertoRico @WomenLegisLobby @erictheteamster,not_humanitarian,train
914635089232920577,RT @Avraham5772: Hillary is a Jezebel of our times.,not_humanitarian,train
914105803543597056,@realDonaldTrump thier are people dying because of Hurricane Maria and now because of you.Kids are going to bed hungry scared praying for the USA to help.,not_humanitarian,train
912431380633661443,Can you please answer this @realDonaldTrump Americans are donating but PR needs help &amp; resources from the US govt. NOW! #PuertoRicoRelief,not_humanitarian,train
914179210356326401,@realDonaldTrump These are PUERTO RICANS clearing up roads. If only your tongue would lead with compassion instead of ignorance. #PuertoRico #HurricaneMaria,not_humanitarian,train
913106598813462530,Wow that is certainly is inappropriate for a president to deny Aid to people who are in need #POTUSTrump #PuertoRico #HurricaneMaria,not_humanitarian,train
913231617124110336,your president refuses to allow outside aid because of a fucking 1920 lawthat he refuses to lift,not_humanitarian,train
914956278430076935,RT @snopes: Did Puerto Rico’s Teamsters Union Go on Strike During Hurricane Maria Relief Efforts?,not_humanitarian,train
912148068471947265,"So we have our own PR #refugees will Trump announce that 40,000-50,000 additional third-worlders will begin arriving in one week. Optics!",not_humanitarian,train
914101855025860608,RT @Welcome2theBX: We can drop drones on brown people in the Middle East but we cant airdrop food &amp; supplies to American citizens #Hurrica,not_humanitarian,train
912372868108996609,"No, this is real news about 3.4 million Americans in desperate conditions.  But Trump tweets abt NFL",not_humanitarian,train
913779101697224704,This article has information you need to know. #PuertoRico,not_humanitarian,train
914721101833523201,Parents can do anything if the kids are in school  Ask teachers unions to help establish parent run schools with hired teachers.,not_humanitarian,train
912237611460317185,RT @GFDougie: @Kroger #sucks w/ #CustomerService! Dont think you can get answers on basic questions! #glutenfree #donations to #shelters #,not_humanitarian,train
914688126890725376,@RepAdamSchiff STOP YOUR SICK ATTACKS ON TRUMP AND DELIVER THE FOOD WE KNOW YOU ARE THE ONES STOPPING IT,not_humanitarian,train
912985435655286784,"RT @JMA_Solutions: #AirTraffic slowly returns to Puerto Rico, but dire conditions continue after Maria #Aviation #HurricaneMaria #FAA http",not_humanitarian,train
913762259582820355,RT @arelisrhdz: I can’t tell you how many times I’ve heard the word unprecedented” to describe Hurricane #Maria from government officials,not_humanitarian,train
914332767407759366,Here is the timeline for Puerto Rico aid !!!! Loberalnleft lying as always,not_humanitarian,train
913893496498647040,"This is an island, surrounded by water. -Trumpy #WhatAGenius",not_humanitarian,train
912324833547096064,@AmericanAir So I should plan my January vacation around this? Thanks.,not_humanitarian,train
914198606659424256,@RepJoeKennedy Wow! What BS words from you. Does this mean you are flying to Puerto Rico and flip burgers for the Hurricane Maria victims? Yeah right.,not_humanitarian,train
914161380936212480,@relished @thehill @SenWarren So what could @realDonaldTrump send in ships before the storm so they could be destroyed in #HurricaneMaria? Think.,not_humanitarian,train
914366959927533568,cc @jaketapper The PR lady cop is crying over how the mayor and gov have politicized this by holding up supplies. SHAME,not_humanitarian,train
914688413080674304,@SenSchumer WE ALL KNOW YOU ARE THE DEMONS THAT ARE PREVENTING THE FOOD TO STARVING PPL DELIVER THE FOOD,not_humanitarian,train
912357651077648385,#trump and his #maga cronies are not going to outrun the devastation of not helping #HurricaneMaria victims in #PuertoRico.. #TrumpsKatrina,not_humanitarian,train
912153434970820608,"RT @ChozenOnee_: You see this , this is your job @realDonaldTrump help these people man what the hell! @BarackObama please step in /",not_humanitarian,train
914181351586304000,"RT @jamiedupree: From his New Jersey golf retreat, Trump stirs fight over Puerto Rico disaster relief effort",not_humanitarian,train
913035570586075137,@realDonaldRTrump shouldnt go visit! He should send people who will work to really aid these Americans.,not_humanitarian,train
913282386913239040,RT @Lucid00: This is why I talk of the distributed web and P2P messengers,not_humanitarian,train
914401920965541888,RT @geoffb5: Democrats will starve you if it helps them politically.,not_humanitarian,train
913579026958168064,"Right, Ivanka, why didnt you get daddy to help the people in disaster areas instead of ranting about NFL? Too bad youre not helping.",not_humanitarian,train
913021203392077825,Apparently reading comprehension is not a thing anymore. IT SAYS THE PORT IS DAMAGED.,not_humanitarian,train
913241813774987265,@ImJustAMel @TheMeemStreams @MarcAnthony  Of course the truth on Trumps aid was not gonna get reported! @POTUS has done all he possibly can!἟A἟8ὄAἿB,not_humanitarian,train
913206427744743424,"RT @13StevenGraves: Yes, thats a wedding. #HurricaneMarias winds &amp; rain are no threat for this family. #13NewsNow",not_humanitarian,train
914525942189617154,I am so disgusted that people are feeding into Trumps racist lie that PR doesnt want to help themselves with this fake driver strike.,not_humanitarian,train
914220178388295681,"Meanwhile, Trump worrying about dodging the water hazard on the 13th hole",not_humanitarian,train
914157919817658373,@JerseyJeff_ You are doing a great disservice to people who are working giving aid to Puerto Rico.,not_humanitarian,train
910584199635259393,"Yikes. Best of luck to those in any potentially effected areas, been getting hammered lately. #Maria #Irma #Jose #Harvey #HurricaneSeason",not_humanitarian,train
910585132410703877,As if the US hasn’t been doin enough damage to it’s self. Now mother nature’s in this bitch.,not_humanitarian,train
913051068468203520,RT @R_MC13: What are you doing to help our fellow US citizens in #PuertoRico? @sendavidperdue @SenatorIsakson #atlanta #hurricaneMaria #hum,not_humanitarian,train
912396514579877890,RT @jdelreal: There will be no food in Puerto Rico.,not_humanitarian,train
913321032957792257,"RT @RevRichardOBX: Lord, forgive us for anthropomorphizing hurricanes while we dehumanize their victims. Amen. #HurricaneMaria @Unvirtuous",not_humanitarian,train
912409278245474304,Crimes against humanity. #BenedictDonald is a domestic terrorist. #resist,not_humanitarian,train
914242906386583553,@acorn614 @jmem5601 @KamVTV read the tweets before you answer#LeftWing Military showing Fema supplies like.,not_humanitarian,train
912424182549327872,": I’m sure Puerto Ricans are using those thoughts to stay warm, power their electric things, drink water, etc. ὤ3",not_humanitarian,train
911679255297314818,Whats .@POTUS doing 2 help #PR other than tweeting crap at sports figures and try 2 start a war w/ #NK #HurricaneMaria #UNFIT2LEAD,not_humanitarian,train
914212094299578368,@realDonaldTrump Sorry hurricane Maria interrupted ur golf weekends!U sleep in a warm bed with food and water and golf all day while people are suffering sad,not_humanitarian,train
912094375039168512,Washington Post Maria prompts tropical storm watches to be issued for Carolina and Virginia coastsWashington Post5 PM Update: Tropical sto,not_humanitarian,train
913159526387453952,"As Hurricane #Maria moves away, nicer weather is set to return to Hampton Roads. Look for a taste of fall this weekend! #hrweather",not_humanitarian,train
914587313753137152,RT @EcoInternet3: Donald #Trump faces angry backlash after blaming Puerto Rico for slow recovery from #HurricaneMaria in ba: Mirror http,not_humanitarian,train
913071853853380613,But go ahead and wait another week to get aid to them.,not_humanitarian,train
914518009426870273,@KimKardashian Hey! Stop watching #FakeNews. Puerto Ricos cop telling the truth about Hurricane Marias aid  via @YouTube,not_humanitarian,train
913910608277340160,The disastrous response to the #HurricaneMaria emergency in #PuertoRico is not Trumps #Katrina. Its approximately TEN TIMES as terrible.,not_humanitarian,train
914141818945540096,US President Donald Trump says Puerto Ricans want everything to be done for them after they criticized the pace of relief efforts in the wake of Hurricane Maria.,not_humanitarian,train
914677989559980034,"Almost forgot: Happy New #WaterYear! 2017 is now in the books. From Matthew to Maria, a year to remember for tropical storm-related flooding",not_humanitarian,train
911684341566197760,I dont care about football. I care about American citizens who have lost power and homes.,not_humanitarian,train
913426241050394624,"TY, guys. Pretty bad when current so-called POTUS is basically an impediment to humanitarian aid. #PuertoRicoRelief",not_humanitarian,train
912041946037792769,"Or if they cared enough about Flint to fix the water problems. $700B for military, but cant find $215M to remedy this.",not_humanitarian,train
913037457872097281,The Jones act is one of the worst laws on the books. Just another regulation that killed the PR economy and now may kill people.,not_humanitarian,train
914505289449263105,Puerto Ricos cop telling the truth about Hurricane Marias aid -Mayor is sabotaging aid to citizens. YouTube,not_humanitarian,train
912297638585864193,Maybe our tweeter in chief could break away from his war with the NFL help some people in real need.,not_humanitarian,train
912139207262588928,RT @gaia_save: @gSonofBrutus Does he even know? Does he even care? #HurricaneMaria #PuertoRicoRelief,not_humanitarian,train
913231808346693634,Puerto Ricans Disgusted By White House Bragging Amid #DonaldTrump’s Inaction After #HurricaneMaria Destruction &gt;&gt;;&lt;,not_humanitarian,train
912170870159818757,for those of you who think PR hasnt received any help .,not_humanitarian,train
913889274725986304,"Trump: This is an island surrounded by water, big water, ocean water. Youre American? Since when? Did you vote for me? You owe so much debt",not_humanitarian,train
914963095587573768,Typical response to Latinos asking for help: they want everything to be done for them Really @realDonaldTrump? #PuertoRico #HurricaneMaria,not_humanitarian,train
913749309618839552,@realDonaldTrump says rebuilding Puerto Rico after #HurricaneMaria will require big decisions - would never say that about TX or Fla.,not_humanitarian,train
914693792082665472,@Lockensteiner SICKO LET YOUR PPL HAVE THE FOOD,not_humanitarian,train
912275120487616512,RT @Kiddlogic1: But our president more concerned about the nfl and steph curry when they ACTUALLY need his help smfh,not_humanitarian,train
913858316853444608,"Remember how after #HurricaneHarvey and #HurricaneIrma news reporters kept reminding us that #Texas and #Florida are #American territories, and Texans and Floridians are U.S. citizens? Right #HurricaneMaria #PuertoRico #USA ἟A἟8἟5἟7",not_humanitarian,train
914203226844655617,"@realDonaldTrump Excuse Me Mr. President! An Amazing Job? When You Compare Haiti Earthquake With Maria Hurricane, Where Is The Amazing Job?",not_humanitarian,train
914209863948840960,@TweetingYarnie @americanpio @CBSNews What about medical care you may ask,not_humanitarian,train
914120657293717504,"@BrotherJulius83 @realDonaldTrump Since you could not be literally more lazy than hitting the RT button, you have done worse. #HurricaneMaria",not_humanitarian,train
914157169603379203,@Iamcmaxwell @nytimes First off you got the wrong hurricane its Maria. Supplies are there nobody to disperse it. Cant blame prez on that snowflake,not_humanitarian,train
913396857816182784,Andfor his delay in allowing help to US citizens in Puerto Rico after Hurricane Maria devastated the island. So cruel!,not_humanitarian,train
914614974219259905,"Bubbled bimbo, @AnaCabrera, just said that if Trump wasnt in Jersey that the damage from hurricane Maria wouldnt have been as bad.",not_humanitarian,train
913827059432075265,@tedlieu @MarkRuffalo @POTUS He stated the Coast Guard built their brand during hurricane Harvey in TX. Maybe use the Navy as a BOGO offer for Maria relief for PR?,not_humanitarian,train
911995465419370496,"RT @hmcghee: No tweets, little attention, less aid. #Unfit.",not_humanitarian,train
911761384765100032,"@realDonaldTrump Hey, ASSHOLE. What are you doing to help the victims of #HurricaneMaria #HurricaneIrma and #HurricaneHarvey ??? Stand for them. ASSHOLE.",not_humanitarian,train
911663177284321280,"@SethShruti As per your theory of natural disasters, Puerto Rico should have accepted all refugees ! #HurricaineIrma #HurricaneMaria 3/n",not_humanitarian,train
914792581829136385,Really? Mayor is selling supplies Im sure this is a well kept secret Isnt that the leftist way? How disgusting not distributing to needy,not_humanitarian,train
913056735543169024,They are not important to Trump bc they dont vote. But if even a fraction move to swing states like FL bc of destruction things will change,not_humanitarian,train
913801527487270912,Trump will be golfing at the Presidents Cup in Jersey this weekend while PRicans look for food and water! #fema #HurricaneMaria,not_humanitarian,train
913858180219797505,"RT @ocman18: Trump on Puerto Rico: This is an island surrounded by water, big water. @realDonaldTrump freaking genius!? ὠF",not_humanitarian,train
914143273291321349,@HuevosDeChivo @RealJamesWoods I survived Hurricane Maria and all I did was make this lousy t shirt!,not_humanitarian,train
914184872565997569,"With his latest attacks on the victims of Hurricane Maria, Donald Trump comes closer to earning the title of worst president ever.  #copolitics #copols #coleg #puertorico",not_humanitarian,train
913483747827290112,"An important and critical life-saving need. Trucking, #logistics #supplychain teams- lend your expertise and assistance..",not_humanitarian,train
913369354506555393,RT @GlennKesslerWP: .@realDonaldTrump ’s #Katrina? Influx of #PuertoRicans after #Maria could tip #Florida to Dems via @jameshohmann http,not_humanitarian,train
914967555206500354,RT @3lueDoggie: Gee..thanks Trump dedicates golf trophy to #HurricaneMaria victims  #PuertoRicoRelief,not_humanitarian,train
913754869982482433,"RT @Stonekettle: Boy, I sure hope FEMA and the military can get relief to Donald Trump, the real victim of Hurricane Maria, soon.",not_humanitarian,train
913042834361606144,In wake of Harvey and now Maria free access to special issue on Hurricane and Flooding Disasters from Risk Analysis,not_humanitarian,train
914652742131568641,You expect him to go down there with a straw and suck out all that water? US is moving mountains down there already.,not_humanitarian,train
914154388352045056,RT @7442_Analytics: @Praxicylene @Lisahenneke @JackPosobiec New Orleans ISNT a 3rd World corrupt island 1000 miles from the Mainland http,not_humanitarian,train
911725154656555008,You know Phil Jackson of The Chicago #Bulls legacy team with Michael Jordan. He coached in Puerto Rico many years. Now asking for help. ὄ7,not_humanitarian,train
914246888941084673,Trump finally bloviates about something he knows - Poor Leadership - blames Puerto Rico for destruction from Maria,not_humanitarian,train
913789576011042818,Interesting.a specific area? Or just the areas that can vote? What were you going to do with that money before #Maria? #PuertoRicoRelief,not_humanitarian,train
914587518326247429,DemocratLiars #PuertoRico #LDSconf #Texans #WhyWeMustImpeachTrumpin7Words Deshaun Watson Cam Newton Dalvin Cook #Bills Browns Rams #BUFvsATL,not_humanitarian,train
913895424812924929,Couldnt be clearer. The Trump admin is failing to rescue Puerto Rico. DEMAND DHS WAIVE THE JONES ACT ☎️:,not_humanitarian,train
914041015358672896,"He had no problem building that Golf course around that very big Water, very big, hes not interested because no votes come from there!!!",not_humanitarian,train
915000566010597377,RT @Snapbook2: Democrats have tried to milk every tragedy in the past two months #HurricaneHarvey #HurricaneIrma #HurricaneMaria &amp; #LasVega,not_humanitarian,train
913240688078282752,Waive the #JonesAct for #PuertoRico @DHSgov,not_humanitarian,train
914610571680591875,Trump: we can’t get aid to PR because the ocean exists Royal Caribbean: Hold our Piña Colada #ForPR #PorPR #HurricaneMaria #,not_humanitarian,train
913002130075766784,Survived Hurricane Maria. Its fucken Mad Max here for gas and water. Nothing organized. Mayors and the governor suck dick.,not_humanitarian,train
913980965822775297,@MotherJones Why did a @USNavy carrier or response group not follow behind #HurricaneMaria in order to get there immediately after it passed in order to help #PuertoRico ? We are very upset that our SO CALLED leaders failed U.S. citizens.,not_humanitarian,train
912432561384591361,"If Puerto Rico was populated with KKK, nazis &amp; white supremacists trump personally would B down there with ppl to repair power &amp; food ,water",not_humanitarian,train
914387650601033728,@jimlibertarian @PGutierrez630 She should be removed from her position! And charged with CRIMES against HUMANITARIAN AID! @realDonaldTrump,not_humanitarian,train
914088990424403968,Trump claims Puerto Rico suffered because it was surrounded by big water,not_humanitarian,train
912064835294199811,Disgustingly sad when a Nation screams for help that falls of deaf fucking ears since its not a protest or overpaid pansy asses kneeling,not_humanitarian,train
914659161685856256,#LetThemEatThrophies @realDonaldTrump #scum dedicates a whole #presidentscup #presidentscup2017 to #PuertoRico victims of #HurricaneMaria,not_humanitarian,train
912412134876774400,The center of Hurricane #Maria is forecast to pass just west of a NOAA tsunami buoy sunrise Tues. Latest Pic:,not_humanitarian,train
914506448465473536,RT @ConsiderThis1: Food not being distributed in Puerto Rico. ppl dying. Puerto Ricos cop telling the truth about Hurricane Maria aid http,not_humanitarian,train
910567438286073858,Ive said it a thousand timesthere is no reason for reporters to walk through flood water and stand in hurricanes. Its ridiculous.,not_humanitarian,train
914248545317814272,".@POTUS priorities: 1) War w/ NFL, DPRK 2) New Muslim ban 3) Tax Relief - Top 1%. 4) Golf 5) Maria - time permitting",not_humanitarian,train
912312621071847424,Why should #Congress vote for #HurricaneMaria aid to #PuertoRico? 1. Its the right thing to do. 2. This:,not_humanitarian,train
914627498301943808,"@whitekittytx @Tatterr @sweetatertot2 @realDonaldTrump Wait, so Donald Trump is respecting America by saying that what happened with Puerto Rico and Hurricane Maria is fake and they dont need help when theyre dying??? Frankly my dear, youve been touched in the head.",not_humanitarian,train
914585059214155776,"Oh, I thought it was up to us to go play golf while they lack electricity and clean water? At least thats what @realDonaldTrump is doing. ὣ3",not_humanitarian,train
914433619728506882,@ffweekend @GeraldoRivera Lets see if Geraldo Rivera will report the truth. Puerto Rico Teamsters stopping aid supplies leaving dock .,not_humanitarian,train
912376823215931393,NHC Update Hurricane Maria Potential Storm Surge Flooding Map   #flwx,not_humanitarian,train
913932429840326656,RT @msbellows: Know what would be cool? If Puerto Rico had its OWN senator to demand adequate aid. That would be cool.,not_humanitarian,train
913860275618463744,Just as you Did with your criminal activities in the primaries.,not_humanitarian,train
913873693947854853,John McCain is perhaps the only GOP member who has more than ice water in his veins. #JohnMcCain #HurricaneMaria #PuertoRico #JonesAct,not_humanitarian,train
914110785936351232,@NBCNightlyNews She dropped the ball. Never requested help until it was too late. Now in a crap load of problems.,not_humanitarian,train
911677993260601346,"@realDonaldTrump This is U.S. territory, but by all means keep fighting w/ athletes instead. Why would you want to help these people?",not_humanitarian,train
912189902816759808,"People are RUNNING OUT OF WATER. #PuertoRico is part of America, but the trump regime isnt doing anything to help.",not_humanitarian,train
914603109917347840,RT @GYALASHNIKOV: Unnu see how di boss skill???,not_humanitarian,train
913049201826828288,RT @SueinRockville: MUST RT to @realDonaldTrump Hey #DOTUS Have you no decency-NO decency at all? WAIVE #JonesAct NOW #HelpPuertoRico http,not_humanitarian,train
912234674919010304,And #racist @realDonaldTrump does not GAF. #Maria #PuertoRico,not_humanitarian,train
913114274414907392,Also including: tips on pressuring your reps to increase much-needed aid from the U.S.,not_humanitarian,train
914092209086935040,What you going to do shoot the people ? I guess you must do this by show of force!! Kill them if they want water!!,not_humanitarian,train
914347560445153280,This is an island. Surrounded by water. Big water. Ocean water.” -#DTARD ᾒ6‍♂️ᾒ6ἿB‍♂️ᾒ6ἿD‍♂️ᾒ6ἿE‍♂️ᾒ6ἿF‍♂️,not_humanitarian,train
914785974462300161,Do you think Trump’s attack on San Juans Mayor for criticizing hurricane Maria relief efforts is justified?,not_humanitarian,train
914353229239947264,.@POTUS @TheFive @TuckerCarlson @CNN @cnnbrk .@ABC @ABCPolitics .@nbc .@NBCNews Get #PR governor out of there! Mayors can’t distribute food!,not_humanitarian,train
912336657994543104,Why I no longer donate to @RedCross #RedCross #Harvey #Irma #HurricaneHarvery #HurricaneIrma #HurricaneMaria,not_humanitarian,train
913319961581453312,RT @_metafizik: .@realDonaldTrump chooses biz Interests over humanity denying Puerto Rico aid he afforded TX &amp; FL in their crisis.,not_humanitarian,train
913213838945787904,Because #PuertoRico doesnt need the help? WTF? Waive the #JonesAct . Like FOREVER.,not_humanitarian,train
914589790250684416,"our gov is so irresponsible w our tax $ that we have to fundraise for disaster relief and that sucks, but we wont let our neighbors down ✊ἿD",not_humanitarian,train
913417147254112256,On @POTUS watch w/this re #Maria @GOP; @Democrats &amp; Other Thoughts:,not_humanitarian,train
914586591661785089,@Quincy a massive earthquake destroying all of Cali would be nice @justinbieber to the highest if you hear this help me please,not_humanitarian,train
911959619177783302,What about PONCE? #ponce #puertorico #poncepuertorico,not_humanitarian,train
912431238626951168,RT @shaunduke: This is what is wrong with my country. Apathy in the face of mass destruction.,not_humanitarian,train
912443293241294848,.@SenDeanHeller stop trying to take healthcare away from Nevada families and pass emergency funding to help our fellow Americans in PR!,not_humanitarian,train
914245820127555584,Apparently no one remembers how deteriorated and destroyed San Juan was under mayor Yulins leadership way before hurricane Maria ᾑ4,not_humanitarian,train
914540960922652675,#thisweek Alex Castellanos defending Trumps 67th day of golfing while #hurricanemaria recovery ongoing. sad!,not_humanitarian,train
914584583634587648,Plz listen the leaders are neglecting the ppl-&gt; Puerto Ricos cop telling the truth about Hurricane Marias aid,not_humanitarian,train
914373008621395968,@MistyPassions @NancyMansour20 @jami_leary @elainebatt3 @dtburg @GeraldoRivera @realDonaldTrump 20% of the drivers have showed up and the union is nitpicking! Thats why supplies arent being distributed!,not_humanitarian,train
912155624221413376,Seriously. What is going on? What aid is being sent and why isnt it already there???,not_humanitarian,train
911781450566967297,"#POTUS #realDonaldTrump Why are you not helping Puerto Rico? No Power, NO water, hospitals full, They are also part of the US.",not_humanitarian,train
914537397047713793,"As well as insurance penetration, would think sheer uncertainty in damage ratios &gt;110mph is part of the uncertainty:",not_humanitarian,train
911732896398012416,"#HuracanMariaPR #HelpPuertoRico Thank you coach, we need help!",not_humanitarian,train
913296011992485888,Whats up with these Democrat foundations ripping off relief funds? I wanna see the books. Please publish your numbers,not_humanitarian,train
913837366963523585,Since we all seem to be in agreement on this WHY ARENT WE IMPEACHING HIM NOW BEFORE HE DOES ANYMORE GODDAMN DAMAGE???,not_humanitarian,train
911658254140354562,Why do the have to beg? Why isnt our government giving the assistance that they gave Texas and Florida?,not_humanitarian,train
912175391166607360,demands ??? The word should is a clear indicator that her tweet was advice. Free advice from a highly qualified and experienced expert.,not_humanitarian,train
914537261986910208,PR corrupt govt destroyed PR before any hurricanes even came close.,not_humanitarian,train
914514063765491714,Puerto Ricos cop telling the truth about Hurricane Marias aidthis is terrible @realDonaldTrump. Mayor is evil!,not_humanitarian,train
914163376800112640,This shows what liars @NBCNews @CNN @MSNBC Instead of b!tching go down and clear the roads and drive a truck idiots.@SScalpings @seanhannity,not_humanitarian,train
913431646774464512,"Well, its about fucking time. Only took a huge public outcry, including politicians in his own (adopted) party.",not_humanitarian,train
914278613540917249,"@soledadobrien You are a liar. PR Teamsters refuse to deliver supplies, want more $. They, @TheDemocrats, and you, are sick.",not_humanitarian,train
912178162322296832,".@realDonaldTrump using the bully pulpit to, well, bully instead of help. #HurricaneMaria #HurricaneHarvey #HurricaneIrma",not_humanitarian,train
914672460431314944,"RT @KenSimonSays: They elected a mam who copped to sexual assault, so of course #Cult45 blames the victims of #HurricaneMaria",not_humanitarian,train
914821805306777601,@GlamLifeGuru Its horrible and sad however I wont forget that u havent talked about Puerto Rico and our emergency for 13 days after Hurricane Maria.,not_humanitarian,train
914361752380411904,"While we sit around bitching about Midland, people over here are having real problems.",not_humanitarian,train
913790482077151234,Trump has not put in sufficient aid or recognition for Puerto Ricos extreme condition post Hurricane Maria,not_humanitarian,train
914460139759050752,@realDonaldTrump How does whining about your #HurricaneMaria ratings help the people of PR? Asking for 3 million Puerto Ricans without drinking water.,not_humanitarian,train
914784958203523074,"Tone-deaf Trump dedicated a golf trophy to hungry, homeless, sick victims of #HurricaneMaria",not_humanitarian,train
913941880487993344,Lifting the #JonesAct isnt going to solve Puerto Ricos financial mismanagement/reckless bond issuance or declining population issues.,not_humanitarian,train
914243614502477824,@jaketapper @KrisParonto @CNN @andersoncooper @cnnbrk @CNNPolitics A shirt that says Help us we are dying screams out fake news narrative in a country trying to recover from Hurricane Maria #CNNISFAKENEWS,not_humanitarian,train
912275882810757120,"Boots &amp; sneakers were caked with mud because there is mud everywhere: On their pants &amp; shirts, in their cars &amp; on the walls of their homes",not_humanitarian,train
911579932874166272,Shame on you @realDonaldTrump.U make time to call @Kaepernick7 names while #citizens in US territories need our help #HurricaneMaria #growup,not_humanitarian,train
914455117700714496,RT @Chimera_Gothic: @SenWarren LIAR. LIAR. LIAR. TRUMP POSITIONED AID BEFORE HURRICANE EVEN HIT PR.,not_humanitarian,train
914769121732186114,@Smethanie Simply genius! You can never have enough golf trophies when you really need them to help repair after a hurricane ὄDἿBὄFἸ9ἰE!,not_humanitarian,train
914630133285376000,"The nerve of anyone to criticize Trump on Hurricanes Harvey, Irma and Maria! 3 catastrophic storms within 2wks; Trump DELIVERED FULL AID!",not_humanitarian,train
913781477707538432,"#ICYMI, a roundup of this weeks major #firefighting and #rescue news, including #HurricaneMaria aftermath",not_humanitarian,train
913102655303688194,"Learn from our children. Slowly but surely Puerto Rico will be Back!!! Hurricane Maria Adios, now back to work!!!",not_humanitarian,train
913755179157217280,"San Juan Mayor: Dammit, this is not a good news story @realDonaldTrump isnt illegal in NY to not render aid?",not_humanitarian,dev
914127319622709249,"#Trump slams mayor of #SanJuan , says they want a handout ὢ9 thoughts?? @theheatmag #puertorico #pr #Hurricanemaria #donaldtrump",not_humanitarian,dev
913960150045806592,Donald Trump says Puerto Rico is an island surrounded by big water-  via  - @realDonaldTrump,not_humanitarian,dev
913225046662971392,Hurricane Maria 2017 Ocean City Maryland Tropical Storm:  via @YouTube,not_humanitarian,dev
914352380820447233,"THIS! #PR have supplies, the authorities aren’t distributing them to to the people! Cop says it’s communism. They’ve food but are starving!",not_humanitarian,dev
913755130608136193,Delusional Lying Mofos #USVirginIslands #PuertoRico,not_humanitarian,dev
912990995549220864,WTF?! It WAS waved 4 #HurricaneIrma AND #HurricaneHarvey but not #HurricaneMaria? I see a lawsuit on the horizon. ὄ7ἿF #JonesAct #PuertoRico,not_humanitarian,dev
914161507059019778,@realDonaldTrump - pictures of PR residents coping -,not_humanitarian,dev
912368913014493184,"RT @cjgratacos: I cant believe that @FedEx, @UPS and @USPS are not bringing any type of special rate for sending food to Puerto Rico after",not_humanitarian,dev
913213863096668160,It never ends Now @JoeNBC and @morningmika blame Hillary Clinton for not doing enough to help Puerto Rico after #HurricaneMaria! Unreal.,not_humanitarian,dev
913320916901355520,"Soooo, what’s the problem helping PR the same as Harvey &amp; Irma victims with suspending the Jones Act? Does dumbass not know their Americans?",not_humanitarian,dev
912278288780992512,I hope the editor who only wanted me to write about coffee in PR if it was destroyed sees this.,not_humanitarian,dev
913258071949942784,Trump Refuses to Send More Aid to Puerto Rico - Because These Americans Cant Vote? #SmartNews,not_humanitarian,dev
913139032053501952,The latest The First in Line!  #hurricanemaria #amazonalexa,not_humanitarian,dev
914702370671677440,"@tigerseye345 @TimAllenRants @nbcsnl @BarackObama  Heres the truth about the disaster relief. Started a week early, not 8 days late. Disgraceful lie.",not_humanitarian,dev
913415334165487616,"@FEMA_Brock 3 ways for FEMA to help: clear roads, get truck convoy, deliver supplies sitting uselessly in ports! DO YOUR JOB!",not_humanitarian,dev
914083906357522432,"Here we go, off to Atlanta Georgia then my home #STL from #HurricaineIrma relief. Now home to focus on #HurricaneMaria",not_humanitarian,dev
912286740941086727,This is cruel &amp; unusual. They are Americans! Why isnt the mainland not pulling all stops to help! #PuertoRico #SOS #HurricaneMaria,not_humanitarian,dev
914554102033481728,@foster2adoptof4 @bbusa617 This doesnt jive w/fact that lack of navigable roads id prob Not striking unions,not_humanitarian,dev
913587343029760000,"Wait is #trump himself running out of food in this scenario? If not, he couldnt care less. #HurricaneMaria",not_humanitarian,dev
913237722902548480,"Libs lie saying, Puerto Rico is getting no assistance from USA/Trump ἟A἟8἟5἟7 ἟A἟8",not_humanitarian,dev
914212095939481600,Heres where Trump spent the past 10 days as Puerto Rico collapsed  Hurricane Maria is the largest storm to hit P,not_humanitarian,dev
914234891105161216,"Our POTUS is this close to becoming a Hurricane Maria Truther (storm was just a little squall, minor property damage)",not_humanitarian,dev
913961822465679361,"Can people not understand how MANY natural disasters we have been routing resources to? Yes, they need help but unfortunately it takes time.",not_humanitarian,dev
913295904538529792,",@realDonaldTrump maybe you can open #MaraLago 4 #PuertoRico refugees. They will be coming 2 the mainland by the millions #HurricaneMaria",not_humanitarian,dev
911731648462508033,@Shananana11 @realDonaldTrump Trump dividing America with racist taunts Puerto Rico needs a massive and immediate relief + rebuilding effort,not_humanitarian,dev
914091802407456769,They need water food gas they dont need a wimpy little president you are not a dictator you Putin wanna a be,not_humanitarian,dev
914156016912162816,Why arent the people of PR helping themselves instead of asking for handouts &amp; help? This is why @realDonaldTrump you piece of shit! ὢ1ὢ1ὢ1,not_humanitarian,dev
914210374437576704,"@realDonaldTrump It takes a village, Trump. You praise Governor who praise you, you attack Mayor who doesnt praise you, cries for help for her people. You are vile. Just help! #PuertoRicoCrisis",not_humanitarian,test
913125316528394242,@GetWisdomDude When will enough be enough? Waiver shouldve been in place minutes after hurricane Maria hit. Where are aerial drops of supplies?,not_humanitarian,test
914195964449009664,@DavidBegnaud @Lin_Manuel @SpiritAirlines A great way for @SpiritAirlines to be a corporate world citizen. #HurricaneMaria #PuertoRico #help #support,not_humanitarian,test
914249128485572609,RT @pop6627: God helps those who helps themselves,not_humanitarian,test
914068328334979073,#THEYAREAMERICANS #PuertoRico #Maria @realDonaldTrump #USA #HurricaneMaria #HELP TALK @ THEIR DEBT THAT YOU ADDED TO!!,not_humanitarian,test
914616669678555136,@BreakingDTrump @realDonaldTrump  Dems are illegal union members are blocking aid in Puerto Rico.,not_humanitarian,test
913441028203524096,RT @VanityNutrition: This can cause big secondary problems for all flooded areas #HurricaneHarvey #HurricaneIrma #HurricaneMaria,not_humanitarian,test
910671596460953600,VERY SCARY VIDEO OF HURRICANE MARIA 175mph wind WARNING FLASH FLOOD PUER  via @YouTubeὤFἿCὤFἿCὤFἿChope my friends are ok,not_humanitarian,test
912405553447448576,Literally a tweet 4 everything what he’s doing now that he opposed it just 2 get 2 @BarackObama.We have #HurricaneMaria victims #PuertoRico,not_humanitarian,test
912461235941081093,They are not brought to their knees! They are rightly counting on the assistance of the American Government to whom they pledge allegiance.,not_humanitarian,test
914702252677435392,"I cant believe U think dedicating ur golf match2 P.Rican victims of hurricane Maria makes up for ur ignorance,stupidity,racism 2 P.Ricans.",not_humanitarian,test
913792089204420608,".@realDonaldTrump Instead of golfing this weekend, go to PR and do something to help these people who are US citizens!",not_humanitarian,test
914132588247359488,President Trump attacking the mayor of a hurricane ravaged city and its victims from a golf resort!! #PuertoRico #HurricaneMaria,not_humanitarian,test
913174884347514882,RT @retail_recruit: .@realDonaldTrump guilty of egregious dereliction of duty bordering on willful endangerment. #PuertoRico,not_humanitarian,test
912043910846967813,We feel like second class american citizens. If Miami had gotten destroyed like that the story would be different #HurricaneMaria,not_humanitarian,test
912361626778484737,"Not content to just inflict long term healthcare damage to Americans, Trump watches 3.5m more of us waste away in while he does nothing.",not_humanitarian,test
914129696534810624,@realDonaldTrump Your general states they NEED MORE HELP. Every death from here on out is blood on your hands. Act like a leader donny,not_humanitarian,test
912465667290431488,@ananavarro this is why @realDonaldTrump doesnt want to #help #PuertoRico #loser,not_humanitarian,test
914275700986826752,RT @NGrossman81: TOP 5 HURRICANE MARIA VICTIMS: 1) Donald Trump 2) Holders of Puerto Rican debt 3) First responders 4) The NFL 5) Non-mayor,not_humanitarian,test
914949942954905605,RT @sweetpeach77: ‼️#BitchFace Mayor in Puerto Rico SELLING OUR SHIPMENTS OF RELIEF‼️ NOW #JAILTIME,not_humanitarian,test
911845355049889792,Probably this is a signal and an opportunity to go with a full distributed PV solution across #PuertoRicoSeLevanta,not_humanitarian,test
910658586539286528,"The World full criminals gay poofters drugs porno any thin abuse children Australia church and much more , the END soon in this World",not_humanitarian,test
913801694299004929,Puerto Rico crisis: San Juan Mayor slams US officials over response to Hurricane Maria relief efforts.,not_humanitarian,test
911995777639157760,"@realDonaldTrump, shouldnt you be focused on American citizens in @PuertoRicoPUR who desperately need help after #HurricaneMaria?",not_humanitarian,test
914588097735622656,@TheDemocrats Doing what they do. Exploiting a tragedyThis is NOT AMERICA. REFUSING to DELIVER AIDThink about That.,not_humanitarian,test
914369066177060864,so she had time to make hats and shirts but didnt have an emergency plan for her City?,not_humanitarian,test
911734717862445056,"While the president screams at athletes peacefully protesting, Puerto Rico is in dire need of help.",not_humanitarian,test
914607502901350400,@GregGutfeldShow Dim moto: Who u gonna believe me r ur lying eyes? US food behind mayor.,not_humanitarian,test
914497409551667200,@PressSec #MAGA crowd claiming drivers on strike: more likely they are trying to stay alive! Diesel and clear roads needed!,not_humanitarian,test
912393708707962882,RT @Berlinwall69: People of color live in Puerto Ricoexpect no help from @RealDonaldTrump #ImpeachRacisttrump,not_humanitarian,test
913832979507535872,"But its a really big ocean. With lots of water. Big, really big. #man-child",not_humanitarian,test
911939172818194433,"@EddieSheerr GEFS as usual looks under dispersed. EPS has two camps, one with track over St Johns, one much farther SE",not_humanitarian,test
911793050078158848,RT @nadiamdrake: Heres what we know so far about the damage done to Arecibos iconic @NAICobservatory:,not_humanitarian,test
913261445088980992,"Electing disgusting people into office harms real Americans, take political action to reverse the damage others caused, be the change",not_humanitarian,test
914790967278014464,@jethro63_greg @cnni Except the multiple sources saying she isnt going to meetings with fema to coordinate aid. And this.,not_humanitarian,test
912338507112337413,Why isnt @realDonaldTrump tweeting about this? Where is the attention and help THESE Americans need???,not_humanitarian,test
913136517002010625,"@CNNPolitics @DHSgov are you moving on this or just shuffling the requests around? For heavens sake, its been A WEEK! #PuertoRicoAid #HurricaneMaria",not_humanitarian,test
910580055398604800,RT @ilovewonpil: we cant communicate with any of our friends/family bc of the hurricane im so scared Maria has already destroyed so much :(,not_humanitarian,test
914671342410137600,No one debating places still need help. Trying to say that ANY place still in need means NO ONE is doing ANYTHING? False equivalent.,not_humanitarian,test
910609387613339648,"Man the world is like gettin wiped out &gt; Island of Puerto Rico destroyed by Hurricane Maria,officials say  via @GMA",not_humanitarian,test
910696046342352897,"I would not deny aid to Puerto Rico but, given their horrendous fiscal mismanagement, Id urge strong oversight.",not_humanitarian,test
912370754636992518,RT @jasjuliet: @MingjueChen  All of these are direct-to-island and NOT Red Cross!,not_humanitarian,test
913588241340628992,This is your fathers attempt at genocide. Fewer gallons of water than people. And ships with aid being literally held at bay. Fuck you.,not_humanitarian,test
914215817172185089,This is what they r dealing w/ @realDonaldTrump U wouldnt last 2 minutes in these conditions U killed ppl &amp; we will hold u accountable,not_humanitarian,test
913225790199861249,@CNN Does CNN not care about Hurricane Maria with all the destruction? All CNN reports on is negative Trump,not_humanitarian,test
914481247933681665,Trump lashes out at San Juan mayor who begged for more help (from @AP) #HurricaneMaria,not_humanitarian,test
913262556621398016,Unbelievable. Donald Trump Refuses to Send More Aid to Puerto Rico,not_humanitarian,test
914952274912448512,I haven’t even seen him gone to visit the victims of hurricane maria. Like wtf?,not_humanitarian,test
911734320766832640,RT @bfishbfish: Puerto Rico is in ruins &amp; Congress is focusing on pricing pre-existing conditions out of healthcare coverage. /,not_humanitarian,test
913737589907185664,RT @dwallacewells: Marias climate refugees are only the start.,not_humanitarian,test
914615414512062466,Rosie Perez: Blames Hurricane Marias Destruction Of Puerto Rico On Pres. Trump  #maga #deplorables #donaldtrump,not_humanitarian,test
912431945216339968,Bet ya @realDonaldTrump #realDonaldTrump @POTUS #POTUS will mention of the east coast destruction before he says a word about Puerto Ricos,not_humanitarian,test
914868289649741826,Really? Because @realDonaldTrump didnt even hold a meeting on hurricane Maria until 6 days after it had destroyed PR &amp; USVI. #fakepotus,not_humanitarian,test
